{"cameraMode":{"drawMode":0,"name":"Shaded","section":"Shading Mode"},"sceneLighting":true,"audioPlay":false,"sceneViewState":{"showFog":true,"showMaterialUpdate":false,"showSkybox":true,"showFlares":true,"showImageEffects":true,"showParticleSystems":true},"in2DMode":false,"pivot":{"x":3.109999895095825,"y":2.680000066757202,"z":-12.800000190734864},"rotation":{"x":-0.48858311772346499,"y":-0.4486869275569916,"z":0.3252987563610077,"w":-0.6739057302474976},"size":8.75971794128418,"orthographic":false}